URL,Status Code
https://www.latimes.com/,200 OK
https://www.latimes.com/,200 OK
https://www.latimes.com/california,200 OK
https://www.latimes.com/topic/election-2024,200 OK
https://www.latimes.com/homeless-housing,200 OK
https://www.latimes.com/politics,200 OK
https://www.latimes.com/science,200 OK
https://www.latimes.com/world-nation,200 OK
https://www.latimes.com/business,200 OK
https://www.latimes.com/topic/artificial-intelligence,200 OK
https://www.latimes.com/business/autos,200 OK
https://www.latimes.com/topic/jobs-labor,200 OK
https://www.latimes.com/business/real-estate,200 OK
https://www.latimes.com/business/technology,200 OK
https://www.latimes.com/california,200 OK
https://www.latimes.com/topic/california-law-politics,200 OK
https://www.latimes.com/topic/earthquakes,200 OK
https://www.latimes.com/topic/education,200 OK
https://www.latimes.com/homeless-housing,200 OK
https://www.latimes.com/la-influential,200 OK
https://www.latimes.com/topic/la-politics,200 OK
https://www.latimes.com/topic/mental-health,200 OK
https://www.latimes.com/environment,200 OK
https://www.latimes.com/topic/global-warming,200 OK
https://www.latimes.com/topic/california-drought,200 OK
https://www.latimes.com/entertainment-arts,200 OK
https://www.latimes.com/topic/arts,200 OK
https://www.latimes.com/entertainment-arts/books,200 OK
https://www.latimes.com/topic/comedy,200 OK
https://www.latimes.com/entertainment-arts/business,200 OK
https://www.latimes.com/entertainment-arts/awards,200 OK
https://www.latimes.com/entertainment-arts/movies,200 OK
https://www.latimes.com/entertainment-arts/music,200 OK
https://www.latimes.com/entertainment-arts/tv,200 OK
https://www.latimes.com/topic/things-to-do,200 OK
https://www.latimes.com/delos,200 OK
https://www.latimes.com/espanol/,200 OK
https://www.latimes.com/food,200 OK
https://www.latimes.com/food/list/101-best-restaurants-los-angeles,200 OK
https://www.latimes.com/food/recipes,200 OK
https://www.latimes.com/lifestyle/image,200 OK
https://www.latimes.com/lifestyle,200 OK
https://www.latimes.com/topic/wellness,200 OK
https://www.latimes.com/topic/home-design,200 OK
https://www.latimes.com/topic/la-affairs,200 OK
https://www.latimes.com/topic/plants,200 OK
https://www.latimes.com/travel,200 OK
https://www.latimes.com/lifestyle/weekend,200 OK
https://www.latimes.com/topic/things-to-do,200 OK
https://www.latimes.com/obituaries,200 OK
https://www.latimes.com/opinion,200 OK
https://www.latimes.com/topic/editorials,200 OK
https://www.latimes.com/opinion/letters-to-the-editor,200 OK
https://www.latimes.com/topic/op-ed,200 OK
https://www.latimes.com/shortdocs,200 OK
https://www.latimes.com/sports,200 OK
https://www.latimes.com/sports/angels,200 OK
https://www.latimes.com/sports/soccer/angel-city-fc,200 OK
https://www.latimes.com/sports/chargers,200 OK
https://www.latimes.com/sports/clippers,200 OK
https://www.latimes.com/sports/dodgers,200 OK
https://www.latimes.com/sports/hockey/ducks,200 OK
https://www.latimes.com/sports/soccer/galaxy,200 OK
https://www.latimes.com/sports/highschool,200 OK
https://www.latimes.com/sports/hockey/kings,200 OK
https://www.latimes.com/sports/lakers,200 OK
https://www.latimes.com/sports/olympics,200 OK
https://www.latimes.com/sports/usc,200 OK
https://www.latimes.com/sports/ucla,200 OK
https://www.latimes.com/sports/rams,200 OK
https://www.latimes.com/sports/sparks,200 OK
https://www.latimes.com/world-nation,200 OK
https://www.latimes.com/topic/immigration,200 OK
https://www.latimes.com/topic/israel-hamas,200 OK
https://www.latimes.com/topic/mexico-americas,200 OK
https://www.latimes.com/topic/ukraine,200 OK
https://www.latimes.com/archives/topics,200 OK
https://www.instagram.com/latimes.404/?hl=en,200 OK
https://www.facebook.com/latimes,200 OK
https://www.instagram.com/latimes/,200 OK
https://www.latimes.com/topic/la-times-today,200 OK
https://membership.latimes.com/newsletters/,200 OK
https://www.latimes.com/california/photography,200 OK
https://www.latimes.com/podcasts,200 OK
https://www.latimes.com/shortdocs,200 OK
https://www.tiktok.com/@latimes?lang=en,200 OK
https://www.threads.net/@latimes,200 OK
https://www.latimes.com/video,200 OK
https://www.youtube.com/user/losangelestimes,200 OK
https://twitter.com/latimes,200 OK
https://www.latimes.com/topic/for-la-times-subscribers,200 OK
https://enewspaper.latimes.com/desktop/latimes/default.aspx?pubid=50435180-e58e-48b5-8e0c-236bf740270e,200 OK
https://www.latimes.com/archives/topics,200 OK
https://www.latimes.com/b2b,200 OK
https://www.latimes.com/b2b,200 OK
https://www.latimes.com/brandpublishing/hotproperty,200 OK
https://www.latimes.com/eta,200 OK
https://www.latimes.com/weddings,200 OK
https://www.latimes.com/00000192-788e-ddaa-a39a-7abfc6b30000-123,200 OK
https://www.latimes.com/events-los-angeles-times,200 OK
https://www.latimes.com/screenings,200 OK
https://www.latimes.com/games,200 OK
https://www.latimes.com/games,200 OK
https://store.latimes.com/?utm_source=latimes&utm_medium=homepage&utm_campaign=homepage_nav,200 OK
https://www.latimes.com/flyoutsubscribe,200 OK
https://membership.latimes.com/,200 OK
https://membership.latimes.com/billing-info,200 OK
https://membership.latimes.com/subscription-info,200 OK
https://enewspaper.latimes.com/,200 OK
https://www.latimes.com/about/marketing/los-angeles-times-for-students-and-educators,200 OK
https://www.latimes.com/flyoutsubscribe,200 OK
https://www.latimes.com/subscriber-terms-and-conditions,200 OK
https://www.latimes.com/gift-subscription-terms,200 OK
https://www.latimes.com/about,200 OK
https://www.latimes.com/about,200 OK
https://www.latimes.com/archives,200 OK
https://www.latimes.com/about/pressreleases,200 OK
https://enewspaper.latimes.com/desktop/latimes/default.aspx?pubid=50435180-e58e-48b5-8e0c-236bf740270e,200 OK
https://www.latimes.com/about/for-the-record/,200 OK
https://www.latimes.com/tips/,200 OK
https://careers.latimes.com/,200 OK
https://store.latimes.com/?utm_source=latimes&utm_medium=homepage&utm_campaign=homepage_subnav,200 OK
https://studios.latimes.com/,200 OK
https://apps.apple.com/us/app/la-times/id373238146,200 OK
https://play.google.com/store/apps/details?id=com.apptivateme.next.la&hl=en_US,200 OK
https://www.latimes.com/newsroom-directory,200 OK
https://www.latimes.com/about/public-affairs,200 OK
https://www.latimes.com/about/how-to-obtain-rights-permissions,200 OK
https://www.latimes.com/shortdocs,200 OK
https://placeanad.latimes.com/,200 OK
https://classifieds.latimes.com/,200 OK
https://www.latimes.com/coupon-codes#nt=navf0,200 OK
https://jobs.latimes.com/,200 OK
https://marketplace.latimes.com/places/types:23,200 OK
https://marketplace.latimes.com/,200 OK
https://digitalagency.latimes.com/,200 OK
https://mediakit.latimes.com/,200 OK
https://peopleonthemove.latimes.com/,200 OK
https://placeanad.latimes.com/,200 OK
https://placeanad.latimes.com/open-house,200 OK
https://marketplace.latimes.com/places/categories:43,200 OK
https://www.latimes.com/specialsupplements,200 OK
https://www.latimes.com/seniorresources,200 OK
https://www.latimes.com/b2bpublishing/higher-education,200 OK
https://www.latimes.com/giving,200 OK
https://www.latimes.com/terms-of-service,200 OK
https://www.latimes.com/privacy-policy,200 OK
https://www.latimes.com/privacy-policy#california-notice-of-collection,200 OK
https://membership.latimes.com/privacy-settings,200 OK
https://www.latimes.com/,200 OK
https://www.latimes.com/california,200 OK
https://www.latimes.com/topic/california-law-politics,200 OK
https://www.latimes.com/homeless-housing,200 OK
https://www.latimes.com/topic/earthquakes,200 OK
https://www.latimes.com/topic/education,200 OK
https://www.latimes.com/california/orange-county,200 OK
https://www.latimes.com/california,200 OK
https://www.latimes.com/california/latino-life,200 OK
https://www.latimes.com/delos,200 OK
https://www.latimes.com/newsletters/latinx-files,200 OK
https://www.latimes.com/espanol/,200 OK
https://www.latimes.com/kiosco-digital,200 OK
https://www.latimes.com/people/gustavo-arellano,200 OK
https://www.latimes.com/people/anita-chabria,200 OK
https://www.latimes.com/people/steve-lopez,200 OK
https://www.latimes.com/people/patt-morrison,200 OK
https://www.latimes.com/people/george-skelton,200 OK
https://membership.latimes.com/newsletters/,200 OK
https://www.latimes.com/newsletters/essential-california,200 OK
https://www.latimes.com/archives/sign-up-to-receive-this-evenings-big-stories-in-your-inbox,200 OK
https://www.latimes.com/newsletters/politics-newsletter,200 OK
https://www.latimes.com/socal/daily-pilot/newsletters/timesoc-newsletter,200 OK
https://www.latimes.com/la-home-breaking-news-story.html,200 OK
https://www.latimes.com/la-influential,200 OK
https://www.latimes.com/topic/la-times-today,200 OK
https://www.latimes.com/california/photography,200 OK
https://www.latimes.com/podcasts,200 OK
https://www.latimes.com/video,200 OK
https://www.latimes.com/entertainment-arts,200 OK
https://www.latimes.com/entertainment-arts/tv,200 OK
https://www.latimes.com/entertainment-arts/movies,200 OK
https://www.latimes.com/entertainment-arts/music,200 OK
https://www.latimes.com/entertainment-arts/business,200 OK
https://www.latimes.com/topic/arts,200 OK
https://www.latimes.com/entertainment-arts/books,200 OK
https://www.latimes.com/entertainment-arts/awards,200 OK
https://www.latimes.com/topic/oscars,200 OK
https://www.latimes.com/topic/emmys,200 OK
https://www.latimes.com/topic/grammys,200 OK
https://www.latimes.com/newsletters/the-envelope,200 OK
https://www.latimes.com/podcasts/the-envelope-podcast,200 OK
https://www.latimes.com/people/glenn-whipp,200 OK
https://www.latimes.com/people/christopher-knight,200 OK
https://www.latimes.com/people/robert-lloyd,200 OK
https://www.latimes.com/people/mary-mcnamara,200 OK
https://www.latimes.com/people/charles-mcnulty,200 OK
https://www.latimes.com/people/mark-swed,200 OK
https://www.latimes.com/people/mikael-wood,200 OK
https://membership.latimes.com/newsletters/,200 OK
https://www.latimes.com/newsletters/entertainment,200 OK
https://www.latimes.com/newsletters/essential-arts,200 OK
https://www.latimes.com/newsletters/sign-up-for-wide-shot,200 OK
https://www.latimes.com/newsletters/sign-up-for-screen-gab-a-newsletter-about-the-tv-and-movies-everyones-talking-about,200 OK
https://www.latimes.com/newsletters/indie-focus,200 OK
https://www.latimes.com/entertainment-arts/books/story/2023-04-13/sign-up-for-los-angeles-times-book-club,200 OK
https://www.latimes.com/topic/for-real,200 OK
https://www.latimes.com/video/story/2023-04-19/very-important-questions,200 OK
https://events.latimes.com/festivalofbooks/,200 OK
https://www.latimes.com/topic/behold,200 OK
https://www.instagram.com/latimes_entertainment/,200 OK
https://www.latimes.com/sports,200 OK
https://www.latimes.com/sports/dodgers,200 OK
https://www.latimes.com/sports/lakers,200 OK
https://www.latimes.com/sports/rams,200 OK
https://www.latimes.com/sports/usc,200 OK
https://www.latimes.com/sports/hockey,200 OK
https://www.latimes.com/sports/sparks,200 OK
https://www.latimes.com/sports/angels,200 OK
https://www.latimes.com/sports/clippers,200 OK
https://www.latimes.com/sports/chargers,200 OK
https://www.latimes.com/sports/ucla,200 OK
https://www.latimes.com/sports/soccer,200 OK
https://www.latimes.com/sports/highschool,200 OK
https://www.latimes.com/people/bill-plaschke,200 OK
https://www.latimes.com/people/dylan-hernandez,200 OK
https://www.latimes.com/people/bill-shaikin,200 OK
https://membership.latimes.com/newsletters/,200 OK
https://www.latimes.com/newsletters/sports-report,200 OK
https://www.latimes.com/newsletters/dodgers-dugout,200 OK
https://www.latimes.com/newsletters/lakers,200 OK
https://www.latimes.com/newsletters/sign-up-for-our-prep-rally-newsletter,200 OK
https://www.latimes.com/newsletters/times-of-troy,200 OK
https://www.latimes.com/sports/olympics,200 OK
https://www.latimes.com/topic/video-sports,200 OK
https://www.instagram.com/latimes_sports/,200 OK
https://www.latimes.com/lifestyle,200 OK
https://www.latimes.com/topic/home-design,200 OK
https://www.latimes.com/topic/plants,200 OK
https://www.latimes.com/topic/wellness,200 OK
https://www.latimes.com/topic/la-affairs,200 OK
https://www.latimes.com/travel,200 OK
https://www.latimes.com/lifestyle/weekend,200 OK
https://www.latimes.com/travel/story/2023-10-19/los-angeles-neighborhood-city-guides,200 OK
https://www.latimes.com/travel/story/2024-05-16/west-coast-101-best-experiences-things-to-do,200 OK
https://www.latimes.com/topic/outdoors,200 OK
https://membership.latimes.com/newsletters/,200 OK
https://www.latimes.com/newsletters/the-wild,200 OK
https://www.latimes.com/newsletters/la-times-plants,200 OK
https://www.latimes.com/topic/sunday-funday,200 OK
https://www.latimes.com/lifestyle/image,200 OK
https://www.instagram.com/latimesplants,200 OK
https://www.latimes.com/food,200 OK
https://www.latimes.com/food/list/101-best-restaurants-los-angeles,200 OK
https://www.latimes.com/food/list/101-best-restaurants-los-angeles,200 OK
https://www.latimes.com/food/list/los-angeles-hall-of-fame-restaurants-modern-classics,200 OK
https://www.latimes.com/food/list/best-bars-wine-coffee-cocktails-los-angeles,200 OK
https://www.latimes.com/food/recipes,200 OK
https://www.latimes.com/food/food-maps,200 OK
https://www.latimes.com/food/story/2023-02-23/why-los-angeles-is-the-best-coffee-city-in-the-world,200 OK
https://www.burlapandbarrel.com/products/california-heat,200 OK
https://www.latimes.com/people/bill-addison,200 OK
https://www.latimes.com/people/jenn-harris,200 OK
https://www.latimes.com/people/laurie-ochoa,200 OK
https://membership.latimes.com/newsletters/,200 OK
https://www.latimes.com/newsletters/tasting-notes,200 OK
https://www.latimes.com/newsletters/cooking,200 OK
https://www.latimes.com/topic/video-food,200 OK
https://www.instagram.com/latimesfood,200 OK
https://www.latimes.com/politics,200 OK
https://www.latimes.com/politics,200 OK
https://www.latimes.com/topic/trump-administration,200 OK
https://www.latimes.com/topic/california-law-politics,200 OK
https://www.latimes.com/topic/la-politics,200 OK
https://www.latimes.com/people/mark-z-barabak,200 OK
https://www.latimes.com/people/anita-chabria,200 OK
https://www.latimes.com/people/doyle-mcmanus,200 OK
https://membership.latimes.com/newsletters/,200 OK
https://www.latimes.com/newsletters/politics-newsletter,200 OK
https://www.latimes.com/newsletters/sign-up-for-l-a-on-the-record,200 OK
https://www.latimes.com/projects/community-civic-engagement-government-participation/,200 OK
https://www.latimes.com/environment,200 OK
https://www.latimes.com/topic/global-warming,200 OK
https://www.latimes.com/topic/california-drought,200 OK
https://www.latimes.com/topic/fires,200 OK
https://www.latimes.com/topic/animals-pets/,200 OK
https://www.latimes.com/environment/climate-projects,200 OK
https://www.latimes.com/environment/story/2024-09-09/our-climate-change-challenge-youth-future,200 OK
https://www.latimes.com/projects/repowering-the-west/,200 OK
https://www.latimes.com/environment/story/colorado-river-in-crisis,200 OK
https://www.latimes.com/people/sammy-roth,200 OK
https://membership.latimes.com/newsletters/,200 OK
https://www.latimes.com/newsletters/boiling-point,200 OK
https://www.latimes.com/california/story/2021-06-18/unshaken-the-complete-l-a-times-newsletter-guide-to-earthquake-readiness-and-resilience,200 OK
https://www.latimes.com/environment/story/2023-09-26/times-launches-climate-california,200 OK
https://www.latimes.com/topic/video-climate-environment,200 OK
https://www.latimes.com/business,200 OK
https://www.latimes.com/entertainment-arts/business,200 OK
https://www.latimes.com/topic/jobs-labor,200 OK
https://www.latimes.com/business/real-estate,200 OK
https://www.latimes.com/business/technology,200 OK
https://www.latimes.com/topic/artificial-intelligence,200 OK
https://www.latimes.com/business/autos,200 OK
https://www.latimes.com/people/michael-hiltzik,200 OK
https://membership.latimes.com/newsletters/,200 OK
https://www.latimes.com/newsletters/sign-up-for-wide-shot,200 OK
https://www.latimes.com/newsletters/sign-up-for-totally-worth-it-and-be-your-moneys-boss,200 OK
https://www.latimes.com/newsletters/sign-up-for-you-do-adu,200 OK
https://www.latimes.com/business#personal-finance,200 OK
https://www.latimes.com/opinion,200 OK
https://www.latimes.com/topic/editorials,200 OK
https://www.latimes.com/topic/op-ed,200 OK
https://www.latimes.com/opinion/story/2024-09-10/los-angeles-times-elections-endorsements-2024-november,200 OK
https://www.latimes.com/opinion/letters-to-the-editor,200 OK
https://www.latimes.com/opinion/letters-to-the-editor/hear-me-out,200 OK
https://www.latimes.com/opinion/submit-letter-to-the-editor,200 OK
https://www.latimes.com/people/robin-abcarian,200 OK
https://www.latimes.com/people/jackie-calmes,200 OK
https://www.latimes.com/people/lz-granderson,200 OK
https://membership.latimes.com/newsletters/,200 OK
https://www.latimes.com/newsletters/opinion,200 OK
https://www.latimes.com/people/the-times-editorial-board,200 OK
https://www.latimes.com/shortdocs,200 OK
https://www.latimes.com/oe-howtosubmitoped-story.html,200 OK
https://www.latimes.com/lifestyle/image,200 OK
#,200 OK
https://www.latimes.com/00000192-788e-ddaa-a39a-7abfc6b30000-123,200 OK
https://www.latimes.com/games,200 OK
https://www.latimes.com/games/daily-crossword,200 OK
https://www.latimes.com/games/mini-crossword,200 OK
https://www.latimes.com/games/sudoku,200 OK
https://www.latimes.com/games/impossible-sudoku,200 OK
https://www.latimes.com/games/wordflower,200 OK
https://www.latimes.com/games/wordsearch,200 OK
https://www.latimes.com/games/news-quiz,200 OK
https://www.latimes.com/games/best-classic-solitaire,200 OK
https://www.latimes.com/games,200 OK
https://www.latimes.com/00000192-788e-ddaa-a39a-7abfc6b30000-123,200 OK
#,200 OK
mailto:?body=L.A.%20Times%20Studios%20Streaming%0A%0Ahttps%3A%2F%2Fwww.latimes.com%2F00000192-788e-ddaa-a39a-7abfc6b30000-123%0A%0AProduced%20and%20operated%20by%20L.A.%20,200 OK
https://www.facebook.com/sharer/sharer.php?u=https%3A%2F%2Fwww.latimes.com%2F00000192-788e-ddaa-a39a-7abfc6b30000-123,200 OK
https://x.com/intent/tweet?text=L.A.%20Times%20Studios%20Streaming&url=https%3A%2F%2Fwww.latimes.com%2F00000192-788e-ddaa-a39a-7abfc6b30000-123&via=latimes,200 OK
https://www.linkedin.com/shareArticle?summary=Produced%20and%20operated%20by%20L.A.%20&source=Los%20Angeles%20Times&title=L.A.%20Times%20Studios%20Streaming&url=https%3A%2F%2Fwww.latimes.com%2F00000192-788e-ddaa-a39a-7abfc6b30000-123,200 OK
https://threads.net/intent/post?text=L.A.%20Times%20Studios%20Streaming%20https%3A%2F%2Fwww.latimes.com%2F00000192-788e-ddaa-a39a-7abfc6b30000-123,200 OK
https://www.reddit.com/submit?title=L.A.%20Times%20Studios%20Streaming&url=https%3A%2F%2Fwww.latimes.com%2F00000192-788e-ddaa-a39a-7abfc6b30000-123,200 OK
https://api.whatsapp.com/send?text=L.A.%20Times%20Studios%20Streaming%20https%3A%2F%2Fwww.latimes.com%2F00000192-788e-ddaa-a39a-7abfc6b30000-123,200 OK
https://www.latimes.com/00000192-788e-ddaa-a39a-7abfc6b30000-123,200 OK
https://www.latimes.com/00000192-788e-ddaa-a39a-7abfc6b30000-123,200 OK
https://enewspaper.latimes.com/desktop/latimes/default.aspx?pubid=50435180-e58e-48b5-8e0c-236bf740270e,200 OK
https://enewspaper.latimes.com/desktop/latimes/default.aspx?pubid=50435180-e58e-48b5-8e0c-236bf740270e,200 OK
https://www.latimes.com/california/story/2025-02-25/kern-county-immigration-raid-new-reality-farmworkers,200 OK
https://www.latimes.com/california/story/2025-02-25/kern-county-immigration-raid-new-reality-farmworkers,200 OK
https://www.latimes.com/california/story/2025-02-25/six-years-after-8-million-win-court-dismisses-l-a-sheriff-deputys-retaliation-lawsuit,200 OK
https://www.latimes.com/california/story/2025-02-25/six-years-after-8-million-win-court-dismisses-l-a-sheriff-deputys-retaliation-lawsuit,200 OK
https://www.latimes.com/california/story/2025-02-25/i-dont-want-to-die-cal-fire-captain-begged-for-mercy-during-slaying-captured-on-video-officials-say,200 OK
https://www.latimes.com/california/story/2025-02-25/i-dont-want-to-die-cal-fire-captain-begged-for-mercy-during-slaying-captured-on-video-officials-say,200 OK
https://www.latimes.com/sports/story/2025-02-25/lebron-bronny-james-deny-allegations-lawsuit-car-crash,200 OK
https://www.latimes.com/sports/story/2025-02-25/lebron-bronny-james-deny-allegations-lawsuit-car-crash,200 OK
https://www.latimes.com/california/story/2025-02-25/california-schools-colleges-respond-trumps-dei-crackdown,200 OK
https://www.latimes.com/california/story/2025-02-25/california-schools-colleges-respond-trumps-dei-crackdown,200 OK
https://www.latimes.com/environment/story/2025-02-25/cal-fire-releases-new-hazard-maps-for-coastal-nor-cal,200 OK
https://www.latimes.com/environment/story/2025-02-25/cal-fire-releases-new-hazard-maps-for-coastal-nor-cal,200 OK
https://www.latimes.com/business/story/2025-02-25/teens-are-spilling-dark-thoughts-to-ai-chatbots-whos-to-blame-when-something-goes-wrong,200 OK
https://www.latimes.com/business/story/2025-02-25/teens-are-spilling-dark-thoughts-to-ai-chatbots-whos-to-blame-when-something-goes-wrong,200 OK
https://www.latimes.com/world-nation/story/2025-02-25/russians-phuket-thailand-fleeing-ukraine-war,200 OK
https://www.latimes.com/world-nation/story/2025-02-25/russians-phuket-thailand-fleeing-ukraine-war,200 OK
https://www.latimes.com/california/story/2025-02-24/influencer-summer-wheaton-arrest-in-fatal-crash-after-nobu-party,200 OK
https://www.latimes.com/environment/story/2025-02-25/la-coyotes-in-los-angeles-less-likely-to-spend-time-in-wealthy-areas-study,200 OK
https://www.latimes.com/california/story/2025-02-24/recovery-czar-mayor-pay,200 OK
https://www.latimes.com/california/story/2025-02-25/teens-byclicsts-attack-la-driver,200 OK
https://www.latimes.com/food/story/2025-02-25/raw-milk-pajarete-mexican-culture-muscoy-compton,200 OK
https://www.latimes.com/topic/for-la-times-subscribers,200 OK
https://www.latimes.com/food/story/2025-02-25/raw-milk-pajarete-mexican-culture-muscoy-compton,200 OK
mailto:?body=Raw%20goat%20milk%20anyone%3F%20In%20this%20L.A.%20drinking%20practice%2C%20it%20goes%20with%20a%20shot%20of%20hard%20alcohol%0A%0Ahttps%3A%2F%2Fwww.latimes.com%2F00000195-2a9b-d388-a9dd-babbe54a0000-123,200 OK
https://www.facebook.com/sharer/sharer.php?u=https%3A%2F%2Fwww.latimes.com%2F00000195-2a9b-d388-a9dd-babbe54a0000-123,200 OK
https://x.com/intent/tweet?text=Raw%20goat%20milk%20anyone%3F%20In%20this%20L.A.%20drinking%20practice%2C%20it%20goes%20with%20a%20shot%20of%20hard%20alcohol&url=https%3A%2F%2Fwww.latimes.com%2F00000195-2a9b-d388-a9dd-babbe54a0000-123&via=latimes,200 OK
https://www.linkedin.com/shareArticle?source=Los%20Angeles%20Times&title=Raw%20goat%20milk%20anyone%3F%20In%20this%20L.A.%20drinking%20practice%2C%20it%20goes%20with%20a%20shot%20of%20hard%20alcohol&url=https%3A%2F%2Fwww.latimes.com%2F00000195-2a9b-d388-a9dd-babbe54a0000-123,200 OK
https://threads.net/intent/post?text=Raw%20goat%20milk%20anyone%3F%20In%20this%20L.A.%20drinking%20practice%2C%20it%20goes%20with%20a%20shot%20of%20hard%20alcohol%20https%3A%2F%2Fwww.latimes.com%2F00000195-2a9b-d388-a9dd-babbe54a0000-123,200 OK
https://www.reddit.com/submit?title=Raw%20goat%20milk%20anyone%3F%20In%20this%20L.A.%20drinking%20practice%2C%20it%20goes%20with%20a%20shot%20of%20hard%20alcohol&url=https%3A%2F%2Fwww.latimes.com%2F00000195-2a9b-d388-a9dd-babbe54a0000-123,200 OK
https://api.whatsapp.com/send?text=Raw%20goat%20milk%20anyone%3F%20In%20this%20L.A.%20drinking%20practice%2C%20it%20goes%20with%20a%20shot%20of%20hard%20alcohol%20https%3A%2F%2Fwww.latimes.com%2F00000195-2a9b-d388-a9dd-babbe54a0000-123,200 OK
https://www.latimes.com/food/story/2025-02-25/raw-milk-pajarete-mexican-culture-muscoy-compton,200 OK
https://www.latimes.com/app,200 OK
https://www.latimes.com/app,200 OK
https://www.latimes.com/topic/breaking-news,200 OK
https://www.latimes.com/entertainment-arts/music/story/2025-02-25/chris-jasper-dead-isley-brothers,200 OK
https://www.latimes.com/entertainment-arts/tv/story/2025-02-25/jon-stewart-doge-cuts-slashes-hand-mug-daily-show,200 OK
https://www.latimes.com/california/story/2025-02-25/scammers-tow-eaton-fire-victims-cars-hold-them-hostage-for-cash-authorities-say,200 OK
https://www.latimes.com/california/story/2025-02-25/california-wildfires-vulnerable-victims,200 OK
https://www.latimes.com/entertainment-arts/tv/story/2025-02-25/jon-stewart-doge-cuts-slashes-hand-mug-daily-show,200 OK
https://www.latimes.com/entertainment-arts/tv/story/2025-02-25/jon-stewart-doge-cuts-slashes-hand-mug-daily-show,200 OK
https://www.latimes.com/entertainment-arts/business/newsletter/2025-02-25/james-bond-is-entering-his-amazon-era-what-will-happen-to-the-spy-franchise-the-wide-shot,200 OK
https://www.latimes.com/entertainment-arts/business/newsletter/2025-02-25/james-bond-is-entering-his-amazon-era-what-will-happen-to-the-spy-franchise-the-wide-shot,200 OK
https://www.latimes.com/entertainment-arts/music/story/2025-02-25/commentary-still-no-justice-for-rapper-drakeo-three-years-after-killing,200 OK
https://www.latimes.com/entertainment-arts/music/story/2025-02-25/commentary-still-no-justice-for-rapper-drakeo-three-years-after-killing,200 OK
https://www.latimes.com/california/story/2025-02-24/aurora-phelps-husband-talks-vegas-dating-app-scheme-allegations,200 OK
https://www.latimes.com/california/story/2025-02-24/aurora-phelps-husband-talks-vegas-dating-app-scheme-allegations,200 OK
https://www.latimes.com/california/story/2025-02-24/highland-park-arroyo-seco-homeless-encampment-cleared,200 OK
https://www.latimes.com/california/story/2025-02-24/highland-park-arroyo-seco-homeless-encampment-cleared,200 OK
https://www.latimes.com/travel/story/2025-02-25/flower-fields-carlsbad-ranch-opening-date-2025,200 OK
https://www.latimes.com/travel/story/2025-02-25/flower-fields-carlsbad-ranch-opening-date-2025,200 OK
https://www.latimes.com/california/newsletter/2025-02-25/more-big-fires-will-come-our-new-newsletter-series-will-help-you-prepare-essential-california,200 OK
https://www.latimes.com/california/newsletter/2025-02-25/more-big-fires-will-come-our-new-newsletter-series-will-help-you-prepare-essential-california,200 OK
https://www.latimes.com/california/story/2025-02-25/evacuations-were-botched-during-the-deadliest-fire-in-california-history-heres-what-one-local-sheriff-learned,200 OK
https://www.latimes.com/california/story/2025-02-25/evacuations-were-botched-during-the-deadliest-fire-in-california-history-heres-what-one-local-sheriff-learned,200 OK
https://www.latimes.com/sports/story/2025-02-25/tommy-hawkins-home-destroyed-palisades-fire-lakers-dodgers,200 OK
https://www.latimes.com/sports/story/2025-02-25/tommy-hawkins-home-destroyed-palisades-fire-lakers-dodgers,200 OK
https://www.latimes.com/environment/story/2025-02-21/water-safetyfire-stricken-areas-la,200 OK
https://www.latimes.com/california/story/2025-02-06/full-coverage-california-wildfires-2025-investigations,200 OK
https://www.latimes.com/california/story/2025-01-10/california-l-a-wildfire-resources-preparation-evacuations-what-to-do,200 OK
mailto:?body=Baby%20goat%20tacos%2C%20a%20rare%20delicacy%20in%20San%20Bernardino%0A%0Ahttps%3A%2F%2Fwww.latimes.com%2F00000195-3ed8-df26-a397-3fdbe1030000-123,200 OK
https://www.facebook.com/sharer/sharer.php?u=https%3A%2F%2Fwww.latimes.com%2F00000195-3ed8-df26-a397-3fdbe1030000-123,200 OK
https://x.com/intent/tweet?text=Baby%20goat%20tacos%2C%20a%20rare%20delicacy%20in%20San%20Bernardino&url=https%3A%2F%2Fwww.latimes.com%2F00000195-3ed8-df26-a397-3fdbe1030000-123&via=latimes,200 OK
https://www.linkedin.com/shareArticle?source=Los%20Angeles%20Times&title=Baby%20goat%20tacos%2C%20a%20rare%20delicacy%20in%20San%20Bernardino&url=https%3A%2F%2Fwww.latimes.com%2F00000195-3ed8-df26-a397-3fdbe1030000-123,200 OK
https://threads.net/intent/post?text=Baby%20goat%20tacos%2C%20a%20rare%20delicacy%20in%20San%20Bernardino%20https%3A%2F%2Fwww.latimes.com%2F00000195-3ed8-df26-a397-3fdbe1030000-123,200 OK
https://www.reddit.com/submit?title=Baby%20goat%20tacos%2C%20a%20rare%20delicacy%20in%20San%20Bernardino&url=https%3A%2F%2Fwww.latimes.com%2F00000195-3ed8-df26-a397-3fdbe1030000-123,200 OK
https://api.whatsapp.com/send?text=Baby%20goat%20tacos%2C%20a%20rare%20delicacy%20in%20San%20Bernardino%20https%3A%2F%2Fwww.latimes.com%2F00000195-3ed8-df26-a397-3fdbe1030000-123,200 OK
mailto:?body=Marine%20Species%20Report%20Card%0A%0Ahttps%3A%2F%2Fwww.latimes.com%2F00000195-2aed-d704-a3d7-2aff6a110000-123%0A%0AThe%20Aquarium%20of%20the%20Pacific%20has%20launched%20a%20new%20initiative%20called%20the%20Marine%20Species%20Report%20Card%20to%20help%20educate%20the%20public%20about%20the%20diverse%20marine%20life%20along%20California%E2%80%99s%20coast.,200 OK
https://www.facebook.com/sharer/sharer.php?u=https%3A%2F%2Fwww.latimes.com%2F00000195-2aed-d704-a3d7-2aff6a110000-123,200 OK
https://x.com/intent/tweet?text=Marine%20Species%20Report%20Card&url=https%3A%2F%2Fwww.latimes.com%2F00000195-2aed-d704-a3d7-2aff6a110000-123&via=latimes,200 OK
https://www.linkedin.com/shareArticle?summary=The%20Aquarium%20of%20the%20Pacific%20has%20launched%20a%20new%20initiative%20called%20the%20Marine%20Species%20Report%20Card%20to%20help%20educate%20the%20public%20about%20the%20diverse%20marine%20life%20along%20California%E2%80%99s%20coast.&source=Los%20Angeles%20Times&title=Marine%20Species%20Report%20Card&url=https%3A%2F%2Fwww.latimes.com%2F00000195-2aed-d704-a3d7-2aff6a110000-123,200 OK
https://threads.net/intent/post?text=Marine%20Species%20Report%20Card%20https%3A%2F%2Fwww.latimes.com%2F00000195-2aed-d704-a3d7-2aff6a110000-123,200 OK
https://www.reddit.com/submit?title=Marine%20Species%20Report%20Card&url=https%3A%2F%2Fwww.latimes.com%2F00000195-2aed-d704-a3d7-2aff6a110000-123,200 OK
https://api.whatsapp.com/send?text=Marine%20Species%20Report%20Card%20https%3A%2F%2Fwww.latimes.com%2F00000195-2aed-d704-a3d7-2aff6a110000-123,200 OK
mailto:?body=L.A.%20clears%20makeshift%20shelters%20along%20flood%20channel%20in%20Highland%20Park%0A%0Ahttps%3A%2F%2Fwww.latimes.com%2F00000195-39de-df26-a397-3ddfb9730000-123,200 OK
https://www.facebook.com/sharer/sharer.php?u=https%3A%2F%2Fwww.latimes.com%2F00000195-39de-df26-a397-3ddfb9730000-123,200 OK
https://x.com/intent/tweet?text=L.A.%20clears%20makeshift%20shelters%20along%20flood%20channel%20in%20Highland%20Park&url=https%3A%2F%2Fwww.latimes.com%2F00000195-39de-df26-a397-3ddfb9730000-123&via=latimes,200 OK
https://www.linkedin.com/shareArticle?source=Los%20Angeles%20Times&title=L.A.%20clears%20makeshift%20shelters%20along%20flood%20channel%20in%20Highland%20Park&url=https%3A%2F%2Fwww.latimes.com%2F00000195-39de-df26-a397-3ddfb9730000-123,200 OK
https://threads.net/intent/post?text=L.A.%20clears%20makeshift%20shelters%20along%20flood%20channel%20in%20Highland%20Park%20https%3A%2F%2Fwww.latimes.com%2F00000195-39de-df26-a397-3ddfb9730000-123,200 OK
https://www.reddit.com/submit?title=L.A.%20clears%20makeshift%20shelters%20along%20flood%20channel%20in%20Highland%20Park&url=https%3A%2F%2Fwww.latimes.com%2F00000195-39de-df26-a397-3ddfb9730000-123,200 OK
https://api.whatsapp.com/send?text=L.A.%20clears%20makeshift%20shelters%20along%20flood%20channel%20in%20Highland%20Park%20https%3A%2F%2Fwww.latimes.com%2F00000195-39de-df26-a397-3ddfb9730000-123,200 OK
mailto:?body=Max%20Greenfield%20on%20the%20longevity%20of%20%27New%20Girl%27%20and%20rabid%20new%20fans%0A%0Ahttps%3A%2F%2Fwww.latimes.com%2F00000195-395e-d704-a3d7-3bfea01c0000-123,200 OK
https://www.facebook.com/sharer/sharer.php?u=https%3A%2F%2Fwww.latimes.com%2F00000195-395e-d704-a3d7-3bfea01c0000-123,200 OK
https://x.com/intent/tweet?text=Max%20Greenfield%20on%20the%20longevity%20of%20%27New%20Girl%27%20and%20rabid%20new%20fans&url=https%3A%2F%2Fwww.latimes.com%2F00000195-395e-d704-a3d7-3bfea01c0000-123&via=latimes,200 OK
https://www.linkedin.com/shareArticle?source=Los%20Angeles%20Times&title=Max%20Greenfield%20on%20the%20longevity%20of%20%27New%20Girl%27%20and%20rabid%20new%20fans&url=https%3A%2F%2Fwww.latimes.com%2F00000195-395e-d704-a3d7-3bfea01c0000-123,200 OK
https://threads.net/intent/post?text=Max%20Greenfield%20on%20the%20longevity%20of%20%27New%20Girl%27%20and%20rabid%20new%20fans%20https%3A%2F%2Fwww.latimes.com%2F00000195-395e-d704-a3d7-3bfea01c0000-123,200 OK
https://www.reddit.com/submit?title=Max%20Greenfield%20on%20the%20longevity%20of%20%27New%20Girl%27%20and%20rabid%20new%20fans&url=https%3A%2F%2Fwww.latimes.com%2F00000195-395e-d704-a3d7-3bfea01c0000-123,200 OK
https://api.whatsapp.com/send?text=Max%20Greenfield%20on%20the%20longevity%20of%20%27New%20Girl%27%20and%20rabid%20new%20fans%20https%3A%2F%2Fwww.latimes.com%2F00000195-395e-d704-a3d7-3bfea01c0000-123,200 OK
mailto:?body=Janelle%20James%20of%20%27Abbott%20Elementary%27%20on%20the%20potential%20changes%20coming%20to%20education%20in%20the%20U.S.%0A%0Ahttps%3A%2F%2Fwww.latimes.com%2F00000195-3962-d9ce-a795-b97bdb010000-123,200 OK
https://www.facebook.com/sharer/sharer.php?u=https%3A%2F%2Fwww.latimes.com%2F00000195-3962-d9ce-a795-b97bdb010000-123,200 OK
https://x.com/intent/tweet?text=Janelle%20James%20of%20%27Abbott%20Elementary%27%20on%20the%20potential%20changes%20coming%20to%20education%20in%20the%20U.S.&url=https%3A%2F%2Fwww.latimes.com%2F00000195-3962-d9ce-a795-b97bdb010000-123&via=latimes,200 OK
https://www.linkedin.com/shareArticle?source=Los%20Angeles%20Times&title=Janelle%20James%20of%20%27Abbott%20Elementary%27%20on%20the%20potential%20changes%20coming%20to%20education%20in%20the%20U.S.&url=https%3A%2F%2Fwww.latimes.com%2F00000195-3962-d9ce-a795-b97bdb010000-123,200 OK
https://threads.net/intent/post?text=Janelle%20James%20of%20%27Abbott%20Elementary%27%20on%20the%20potential%20changes%20coming%20to%20education%20in%20the%20U.S.%20https%3A%2F%2Fwww.latimes.com%2F00000195-3962-d9ce-a795-b97bdb010000-123,200 OK
https://www.reddit.com/submit?title=Janelle%20James%20of%20%27Abbott%20Elementary%27%20on%20the%20potential%20changes%20coming%20to%20education%20in%20the%20U.S.&url=https%3A%2F%2Fwww.latimes.com%2F00000195-3962-d9ce-a795-b97bdb010000-123,200 OK
https://api.whatsapp.com/send?text=Janelle%20James%20of%20%27Abbott%20Elementary%27%20on%20the%20potential%20changes%20coming%20to%20education%20in%20the%20U.S.%20https%3A%2F%2Fwww.latimes.com%2F00000195-3962-d9ce-a795-b97bdb010000-123,200 OK
mailto:?body=L.A.%20wildfires%20up%20the%20pressure%20on%20California%E2%80%99s%20insurance%20commissioner%0A%0Ahttps%3A%2F%2Fwww.latimes.com%2F00000195-3956-d388-a9dd-bb7e31600001-123,200 OK
https://www.facebook.com/sharer/sharer.php?u=https%3A%2F%2Fwww.latimes.com%2F00000195-3956-d388-a9dd-bb7e31600001-123,200 OK
https://x.com/intent/tweet?text=L.A.%20wildfires%20up%20the%20pressure%20on%20California%E2%80%99s%20insurance%20commissioner&url=https%3A%2F%2Fwww.latimes.com%2F00000195-3956-d388-a9dd-bb7e31600001-123&via=latimes,200 OK
https://www.linkedin.com/shareArticle?source=Los%20Angeles%20Times&title=L.A.%20wildfires%20up%20the%20pressure%20on%20California%E2%80%99s%20insurance%20commissioner&url=https%3A%2F%2Fwww.latimes.com%2F00000195-3956-d388-a9dd-bb7e31600001-123,200 OK
https://threads.net/intent/post?text=L.A.%20wildfires%20up%20the%20pressure%20on%20California%E2%80%99s%20insurance%20commissioner%20https%3A%2F%2Fwww.latimes.com%2F00000195-3956-d388-a9dd-bb7e31600001-123,200 OK
https://www.reddit.com/submit?title=L.A.%20wildfires%20up%20the%20pressure%20on%20California%E2%80%99s%20insurance%20commissioner&url=https%3A%2F%2Fwww.latimes.com%2F00000195-3956-d388-a9dd-bb7e31600001-123,200 OK
https://api.whatsapp.com/send?text=L.A.%20wildfires%20up%20the%20pressure%20on%20California%E2%80%99s%20insurance%20commissioner%20https%3A%2F%2Fwww.latimes.com%2F00000195-3956-d388-a9dd-bb7e31600001-123,200 OK
mailto:?body=What%20to%20do%20if%20ICE%20knocks%20on%20your%20door%0A%0Ahttps%3A%2F%2Fwww.latimes.com%2F00000195-2541-df26-a397-3dd340a20000-123,200 OK
https://www.facebook.com/sharer/sharer.php?u=https%3A%2F%2Fwww.latimes.com%2F00000195-2541-df26-a397-3dd340a20000-123,200 OK
https://x.com/intent/tweet?text=What%20to%20do%20if%20ICE%20knocks%20on%20your%20door&url=https%3A%2F%2Fwww.latimes.com%2F00000195-2541-df26-a397-3dd340a20000-123&via=latimes,200 OK
https://www.linkedin.com/shareArticle?source=Los%20Angeles%20Times&title=What%20to%20do%20if%20ICE%20knocks%20on%20your%20door&url=https%3A%2F%2Fwww.latimes.com%2F00000195-2541-df26-a397-3dd340a20000-123,200 OK
https://threads.net/intent/post?text=What%20to%20do%20if%20ICE%20knocks%20on%20your%20door%20https%3A%2F%2Fwww.latimes.com%2F00000195-2541-df26-a397-3dd340a20000-123,200 OK
https://www.reddit.com/submit?title=What%20to%20do%20if%20ICE%20knocks%20on%20your%20door&url=https%3A%2F%2Fwww.latimes.com%2F00000195-2541-df26-a397-3dd340a20000-123,200 OK
https://api.whatsapp.com/send?text=What%20to%20do%20if%20ICE%20knocks%20on%20your%20door%20https%3A%2F%2Fwww.latimes.com%2F00000195-2541-df26-a397-3dd340a20000-123,200 OK
mailto:?body=A%20Tiny%20Car%20Museum%20that%20has%20spanned%20three%20generations%20of%20a%20family%0A%0Ahttps%3A%2F%2Fwww.latimes.com%2F00000195-2ae3-d9ce-a795-bafb1c080000-123%0A%0AThe%20Nash%20Metropolitan%20is%20one%20of%20those%20quirky%20little%20cars%20that%20just%20makes%20you%20smile.%20,200 OK
https://www.facebook.com/sharer/sharer.php?u=https%3A%2F%2Fwww.latimes.com%2F00000195-2ae3-d9ce-a795-bafb1c080000-123,200 OK
https://x.com/intent/tweet?text=A%20Tiny%20Car%20Museum%20that%20has%20spanned%20three%20generations%20of%20a%20family&url=https%3A%2F%2Fwww.latimes.com%2F00000195-2ae3-d9ce-a795-bafb1c080000-123&via=latimes,200 OK
https://www.linkedin.com/shareArticle?summary=The%20Nash%20Metropolitan%20is%20one%20of%20those%20quirky%20little%20cars%20that%20just%20makes%20you%20smile.%20&source=Los%20Angeles%20Times&title=A%20Tiny%20Car%20Museum%20that%20has%20spanned%20three%20generations%20of%20a%20family&url=https%3A%2F%2Fwww.latimes.com%2F00000195-2ae3-d9ce-a795-bafb1c080000-123,200 OK
https://threads.net/intent/post?text=A%20Tiny%20Car%20Museum%20that%20has%20spanned%20three%20generations%20of%20a%20family%20https%3A%2F%2Fwww.latimes.com%2F00000195-2ae3-d9ce-a795-bafb1c080000-123,200 OK
https://www.reddit.com/submit?title=A%20Tiny%20Car%20Museum%20that%20has%20spanned%20three%20generations%20of%20a%20family&url=https%3A%2F%2Fwww.latimes.com%2F00000195-2ae3-d9ce-a795-bafb1c080000-123,200 OK
https://api.whatsapp.com/send?text=A%20Tiny%20Car%20Museum%20that%20has%20spanned%20three%20generations%20of%20a%20family%20https%3A%2F%2Fwww.latimes.com%2F00000195-2ae3-d9ce-a795-bafb1c080000-123,200 OK
mailto:?body=Bass%20ousts%20LAFD%20Chief%20Kristin%20Crowley%0A%0Ahttps%3A%2F%2Fwww.latimes.com%2F00000195-2a2a-d388-a9dd-ba2a10620000-123,200 OK
https://www.facebook.com/sharer/sharer.php?u=https%3A%2F%2Fwww.latimes.com%2F00000195-2a2a-d388-a9dd-ba2a10620000-123,200 OK
https://x.com/intent/tweet?text=Bass%20ousts%20LAFD%20Chief%20Kristin%20Crowley&url=https%3A%2F%2Fwww.latimes.com%2F00000195-2a2a-d388-a9dd-ba2a10620000-123&via=latimes,200 OK
https://www.linkedin.com/shareArticle?source=Los%20Angeles%20Times&title=Bass%20ousts%20LAFD%20Chief%20Kristin%20Crowley&url=https%3A%2F%2Fwww.latimes.com%2F00000195-2a2a-d388-a9dd-ba2a10620000-123,200 OK
https://threads.net/intent/post?text=Bass%20ousts%20LAFD%20Chief%20Kristin%20Crowley%20https%3A%2F%2Fwww.latimes.com%2F00000195-2a2a-d388-a9dd-ba2a10620000-123,200 OK
https://www.reddit.com/submit?title=Bass%20ousts%20LAFD%20Chief%20Kristin%20Crowley&url=https%3A%2F%2Fwww.latimes.com%2F00000195-2a2a-d388-a9dd-ba2a10620000-123,200 OK
https://api.whatsapp.com/send?text=Bass%20ousts%20LAFD%20Chief%20Kristin%20Crowley%20https%3A%2F%2Fwww.latimes.com%2F00000195-2a2a-d388-a9dd-ba2a10620000-123,200 OK
mailto:?body=The%20first%20African-American%20firefighter%20in%20Pasadena%0A%0Ahttps%3A%2F%2Fwww.latimes.com%2F00000195-20e3-d704-a3d7-2af7f6fa0000-123,200 OK
https://www.facebook.com/sharer/sharer.php?u=https%3A%2F%2Fwww.latimes.com%2F00000195-20e3-d704-a3d7-2af7f6fa0000-123,200 OK
https://x.com/intent/tweet?text=The%20first%20African-American%20firefighter%20in%20Pasadena&url=https%3A%2F%2Fwww.latimes.com%2F00000195-20e3-d704-a3d7-2af7f6fa0000-123&via=latimes,200 OK
https://www.linkedin.com/shareArticle?source=Los%20Angeles%20Times&title=The%20first%20African-American%20firefighter%20in%20Pasadena&url=https%3A%2F%2Fwww.latimes.com%2F00000195-20e3-d704-a3d7-2af7f6fa0000-123,200 OK
https://threads.net/intent/post?text=The%20first%20African-American%20firefighter%20in%20Pasadena%20https%3A%2F%2Fwww.latimes.com%2F00000195-20e3-d704-a3d7-2af7f6fa0000-123,200 OK
https://www.reddit.com/submit?title=The%20first%20African-American%20firefighter%20in%20Pasadena&url=https%3A%2F%2Fwww.latimes.com%2F00000195-20e3-d704-a3d7-2af7f6fa0000-123,200 OK
https://api.whatsapp.com/send?text=The%20first%20African-American%20firefighter%20in%20Pasadena%20https%3A%2F%2Fwww.latimes.com%2F00000195-20e3-d704-a3d7-2af7f6fa0000-123,200 OK
mailto:?body=The%20world%20of%20leg%20lengthening%20surgery%0A%0Ahttps%3A%2F%2Fwww.latimes.com%2F00000195-0058-d1d0-af9d-90f9b1030001-123,200 OK
https://www.facebook.com/sharer/sharer.php?u=https%3A%2F%2Fwww.latimes.com%2F00000195-0058-d1d0-af9d-90f9b1030001-123,200 OK
https://x.com/intent/tweet?text=The%20world%20of%20leg%20lengthening%20surgery&url=https%3A%2F%2Fwww.latimes.com%2F00000195-0058-d1d0-af9d-90f9b1030001-123&via=latimes,200 OK
https://www.linkedin.com/shareArticle?source=Los%20Angeles%20Times&title=The%20world%20of%20leg%20lengthening%20surgery&url=https%3A%2F%2Fwww.latimes.com%2F00000195-0058-d1d0-af9d-90f9b1030001-123,200 OK
https://threads.net/intent/post?text=The%20world%20of%20leg%20lengthening%20surgery%20https%3A%2F%2Fwww.latimes.com%2F00000195-0058-d1d0-af9d-90f9b1030001-123,200 OK
https://www.reddit.com/submit?title=The%20world%20of%20leg%20lengthening%20surgery&url=https%3A%2F%2Fwww.latimes.com%2F00000195-0058-d1d0-af9d-90f9b1030001-123,200 OK
https://api.whatsapp.com/send?text=The%20world%20of%20leg%20lengthening%20surgery%20https%3A%2F%2Fwww.latimes.com%2F00000195-0058-d1d0-af9d-90f9b1030001-123,200 OK
mailto:?body=Head%20Spa%20Marathon%20--%20I%20tried%20three%20in%20a%20week.%20Here%27s%20how%20it%20went%0A%0Ahttps%3A%2F%2Fwww.latimes.com%2F00000195-0091-df26-a397-3d9349c20000-123,200 OK
https://www.facebook.com/sharer/sharer.php?u=https%3A%2F%2Fwww.latimes.com%2F00000195-0091-df26-a397-3d9349c20000-123,200 OK
https://x.com/intent/tweet?text=Head%20Spa%20Marathon%20--%20I%20tried%20three%20in%20a%20week.%20Here%27s%20how%20it%20went&url=https%3A%2F%2Fwww.latimes.com%2F00000195-0091-df26-a397-3d9349c20000-123&via=latimes,200 OK
https://www.linkedin.com/shareArticle?source=Los%20Angeles%20Times&title=Head%20Spa%20Marathon%20--%20I%20tried%20three%20in%20a%20week.%20Here%27s%20how%20it%20went&url=https%3A%2F%2Fwww.latimes.com%2F00000195-0091-df26-a397-3d9349c20000-123,200 OK
https://threads.net/intent/post?text=Head%20Spa%20Marathon%20--%20I%20tried%20three%20in%20a%20week.%20Here%27s%20how%20it%20went%20https%3A%2F%2Fwww.latimes.com%2F00000195-0091-df26-a397-3d9349c20000-123,200 OK
https://www.reddit.com/submit?title=Head%20Spa%20Marathon%20--%20I%20tried%20three%20in%20a%20week.%20Here%27s%20how%20it%20went&url=https%3A%2F%2Fwww.latimes.com%2F00000195-0091-df26-a397-3d9349c20000-123,200 OK
https://api.whatsapp.com/send?text=Head%20Spa%20Marathon%20--%20I%20tried%20three%20in%20a%20week.%20Here%27s%20how%20it%20went%20https%3A%2F%2Fwww.latimes.com%2F00000195-0091-df26-a397-3d9349c20000-123,200 OK
https://www.latimes.com/travel/story/2025-02-25/flower-fields-carlsbad-ranch-opening-date-2025,200 OK
https://www.latimes.com/travel/story/2025-02-25/flower-fields-carlsbad-ranch-opening-date-2025,200 OK
https://www.latimes.com/opinion,200 OK
https://www.latimes.com/b2b/business-visionaries/story/2023-04-20/editorial-culver-city-dont-roll-back-your-ambitious-safe-street-redesign,200 OK
https://www.latimes.com/b2b/business-visionaries/story/2023-04-20/editorial-culver-city-dont-roll-back-your-ambitious-safe-street-redesign,200 OK
https://www.latimes.com/opinion/story/2025-02-25/altadena-eaton-fire-homelessness,200 OK
https://www.latimes.com/opinion/story/2025-02-25/altadena-eaton-fire-homelessness,200 OK
https://www.latimes.com/opinion/story/2025-02-25/ukraine-russia-pete-hegseth-donald-trump-complicated-jonah-goldberg,200 OK
https://www.latimes.com/opinion/story/2025-02-25/ukraine-russia-pete-hegseth-donald-trump-complicated-jonah-goldberg,200 OK
https://www.latimes.com/opinion/story/2025-02-24/doge-office-of-personnel-management-uc-san-diego-veterans-affairs,200 OK
https://www.latimes.com/opinion/story/2025-02-24/doge-office-of-personnel-management-uc-san-diego-veterans-affairs,200 OK
https://www.latimes.com/california/story/2025-02-24/southern-california-warm-weather-week,200 OK
https://www.latimes.com/california/story/2025-02-24/southern-california-warm-weather-week,200 OK
https://www.latimes.com/california/story/2025-02-24/woman-suffered-crushed-spine-on-harry-potter-ride-wins-7-25-million-in-court,200 OK
https://www.latimes.com/california/story/2025-02-24/woman-suffered-crushed-spine-on-harry-potter-ride-wins-7-25-million-in-court,200 OK
https://www.latimes.com/environment/story/2025-02-24/big-utilities-war-against-rooftop-solar,200 OK
https://www.latimes.com/topic/for-la-times-subscribers,200 OK
https://www.latimes.com/environment/story/2025-02-24/big-utilities-war-against-rooftop-solar,200 OK
https://www.latimes.com/lifestyle,200 OK
https://www.latimes.com/lifestyle/story/2025-02-24/quilts-for-altadena-fire-victims,200 OK
https://www.latimes.com/lifestyle/story/2025-02-24/quilts-for-altadena-fire-victims,200 OK
https://www.latimes.com/travel/list/walt-disney-history-los-angeles,200 OK
https://www.latimes.com/travel/list/walt-disney-history-los-angeles,200 OK
https://www.latimes.com/lifestyle/story/2025-02-21/la-affairs-karen-mckinney-prosecutor-i-wanted-babies-soon-would-he-stick-around,200 OK
https://www.latimes.com/lifestyle/story/2025-02-21/la-affairs-karen-mckinney-prosecutor-i-wanted-babies-soon-would-he-stick-around,200 OK
https://www.latimes.com/podcasts,200 OK
https://link.pscrb.fm/499e6/cotweb-7381d,200 OK
https://link.pscrb.fm/499e6/cotweb-7381d,200 OK
https://link.pscrb.fm/499e6/bpweb-796de,200 OK
https://link.pscrb.fm/499e6/bpweb-796de,200 OK
https://www.latimes.com/food,200 OK
https://www.latimes.com/food/story/2025-02-25/raw-milk-pajarete-mexican-culture-muscoy-compton,200 OK
https://www.latimes.com/topic/for-la-times-subscribers,200 OK
https://www.latimes.com/food/story/2025-02-25/raw-milk-pajarete-mexican-culture-muscoy-compton,200 OK
https://www.latimes.com/food/story/2025-02-25/muscoy-tacos-raw-baby-goat-cabrito-machitos-vendors,200 OK
https://www.latimes.com/food/story/2025-02-25/muscoy-tacos-raw-baby-goat-cabrito-machitos-vendors,200 OK
https://www.latimes.com/food/story/2025-02-21/san-wolves-long-beach-filipino-vegan-bakery,200 OK
https://www.latimes.com/food/story/2025-02-21/san-wolves-long-beach-filipino-vegan-bakery,200 OK
https://www.latimes.com/food/list/101-best-restaurants-los-angeles,200 OK
https://www.latimes.com/food/list/101-best-restaurants-los-angeles,200 OK
https://www.latimes.com/topic/for-la-times-subscribers,200 OK
https://www.latimes.com/food/list/101-best-restaurants-los-angeles,200 OK
https://www.latimes.com/games,200 OK
https://www.latimes.com/games/daily-crossword,200 OK
https://www.latimes.com/games/daily-crossword,200 OK
https://www.latimes.com/games/wordflower,200 OK
https://www.latimes.com/games/wordflower,200 OK
https://www.latimes.com/games/mini-crossword,200 OK
https://www.latimes.com/games/mini-crossword,200 OK
https://www.latimes.com/games/sudoku,200 OK
https://www.latimes.com/games/sudoku,200 OK
https://www.latimes.com/games/wordsearch,200 OK
https://www.latimes.com/games/wordsearch,200 OK
https://www.latimes.com/games/news-quiz,200 OK
https://www.latimes.com/games/news-quiz,200 OK
https://www.latimes.com/food/list/food-fundraisers-support-los-angeles-wildfire-relief-february-march-2025,200 OK
https://www.latimes.com/food/list/food-fundraisers-support-los-angeles-wildfire-relief-february-march-2025,200 OK
https://www.latimes.com/lifestyle/list/best-head-spas-los-angeles-scalp-treatment-scrub,200 OK
https://www.latimes.com/lifestyle/list/best-head-spas-los-angeles-scalp-treatment-scrub,200 OK
https://www.latimes.com/food/list/black-owned-restaurants-los-angeles-101-guide,200 OK
https://www.latimes.com/food/list/black-owned-restaurants-los-angeles-101-guide,200 OK
https://www.latimes.com/food/list/best-supper-clubs-restaurants-live-music-los-angeles,200 OK
https://www.latimes.com/food/list/best-supper-clubs-restaurants-live-music-los-angeles,200 OK
https://www.latimes.com/travel/list/eagle-rock-los-angeles-guide-things-to-do,200 OK
https://www.latimes.com/travel/list/eagle-rock-los-angeles-guide-things-to-do,200 OK
https://www.latimes.com/delos/list/10-latino-community-hubs,200 OK
https://www.latimes.com/delos/list/10-latino-community-hubs,200 OK
https://www.latimes.com/delos/list/11-places-that-connect-angelenos-to-their-latinidad,200 OK
https://www.latimes.com/delos/list/11-places-that-connect-angelenos-to-their-latinidad,200 OK
https://www.latimes.com/delos/list/10-places-for-latino-nightlife-bars-parties-nightclubs,200 OK
https://www.latimes.com/delos/list/10-places-for-latino-nightlife-bars-parties-nightclubs,200 OK
https://www.latimes.com/delos/list/10-best-latino-owned-coffee-shops-in-los-angeles,200 OK
https://www.latimes.com/delos/list/10-best-latino-owned-coffee-shops-in-los-angeles,200 OK
https://www.latimes.com/delos/list/10-latino-owned-plant-shops-los-angeles,200 OK
https://www.latimes.com/delos/list/10-latino-owned-plant-shops-los-angeles,200 OK
https://www.latimes.com/delos/list/10-places-pick-up-a-new-hobby-taught-by-latino-angelenos,200 OK
https://www.latimes.com/delos/list/10-places-pick-up-a-new-hobby-taught-by-latino-angelenos,200 OK
https://www.latimes.com/delos/list/latino-latin-american-art-gallery-musician-la,200 OK
https://www.latimes.com/delos/list/latino-latin-american-art-gallery-musician-la,200 OK
https://www.latimes.com/california,200 OK
https://www.latimes.com/california/story/2025-02-25/anaheim-ku-klux-klan-council-recall-1925,200 OK
https://www.latimes.com/california/story/2025-02-25/anaheim-ku-klux-klan-council-recall-1925,200 OK
https://www.latimes.com/california/story/2025-02-24/gov-newsom-announces-nearly-1-billion-to-address-homelessness-new-accountability-measure,200 OK
https://www.latimes.com/california/story/2025-02-24/gov-newsom-announces-nearly-1-billion-to-address-homelessness-new-accountability-measure,200 OK
https://www.latimes.com/california/story/2025-02-24/scores-sea-lions-reported-sick-along-the-malibu-coast,200 OK
https://www.latimes.com/california/story/2025-02-24/scores-sea-lions-reported-sick-along-the-malibu-coast,200 OK
https://www.latimes.com/california/story/2025-02-24/menendez-brothers-history-of-what-d-a-calls-lies-and-deceptions-slows-their-freedom-bid,200 OK
https://www.latimes.com/california/story/2025-02-24/menendez-brothers-history-of-what-d-a-calls-lies-and-deceptions-slows-their-freedom-bid,200 OK
https://www.latimes.com/california/story/2025-02-23/woman-struck-and-killed-south-l-a-street-racing,200 OK
https://www.latimes.com/california/story/2025-02-23/boy-riding-pocket-bike-killed-south-l-a-crash,200 OK
https://www.latimes.com/california/story/2025-02-23/ice-raids-los-angeles,200 OK
https://www.latimes.com/california/story/2025-02-23/after-chp-ends-pursuit-driver-of-a-stolen-car-crashes-into-another-vehicle-fatally-hits-pedestrian,200 OK
https://www.latimes.com/environment,200 OK
https://www.latimes.com/environment/newsletter/2025-02-25/boiling-point-want-to-fight-climate-change-then-talk-about-climate-change-boiling-point,200 OK
https://www.latimes.com/environment/newsletter/2025-02-25/boiling-point-want-to-fight-climate-change-then-talk-about-climate-change-boiling-point,200 OK
https://www.latimes.com/environment/story/2025-02-22/la-enviro-los-angeles-river-federal-funding,200 OK
https://www.latimes.com/environment/story/2025-02-22/la-enviro-los-angeles-river-federal-funding,200 OK
https://www.latimes.com/environment/story/2025-02-21/h5n1-bird-flu-riverside-county-rats,200 OK
https://www.latimes.com/environment/story/2025-02-21/h5n1-bird-flu-riverside-county-rats,200 OK
https://www.latimes.com/topic/for-la-times-subscribers,200 OK
https://www.latimes.com/sports/highschool/story/2025-02-23/los-angeles-times-top-25-high-school-baseball-rankings,200 OK
https://www.latimes.com/sports/highschool,200 OK
https://www.latimes.com/sports/highschool/story/2025-02-23/los-angeles-times-top-25-high-school-baseball-rankings,200 OK
https://www.latimes.com/food/story/2025-02-10/rou-jia-mo-chinese-hamburger-san-gabriel-valley,200 OK
https://www.latimes.com/food,200 OK
https://www.latimes.com/food/story/2025-02-10/rou-jia-mo-chinese-hamburger-san-gabriel-valley,200 OK
https://www.latimes.com/food/story/2025-02-14/michelin-la-taiwanese-cafe-koreatown-ice-cream,200 OK
https://www.latimes.com/food,200 OK
https://www.latimes.com/food/story/2025-02-14/michelin-la-taiwanese-cafe-koreatown-ice-cream,200 OK
https://www.latimes.com/topic/la-times-today,200 OK
https://www.latimes.com/00000195-3abe-d704-a3d7-3afe23c10000-123,200 OK
https://www.latimes.com/00000195-3abe-d704-a3d7-3afe23c10000-123,200 OK
https://www.latimes.com/politics,200 OK
https://www.latimes.com/world-nation/story/2025-02-25/ukraine-and-us-have-agreed-on-a-framework-economic-deal-ukrainian-officials-say,200 OK
https://www.latimes.com/world-nation/story/2025-02-25/ukraine-and-us-have-agreed-on-a-framework-economic-deal-ukrainian-officials-say,200 OK
https://www.latimes.com/world-nation/story/2025-02-25/judge-extends-block-on-trump-administrations-sweeping-freeze-on-federal-funding,200 OK
https://www.latimes.com/world-nation/story/2025-02-25/judge-extends-block-on-trump-administrations-sweeping-freeze-on-federal-funding,200 OK
https://www.latimes.com/world-nation/story/2025-02-25/white-house-says-it-will-decide-which-news-outlets-cover-trump-rotating-some-traditional-ones,200 OK
https://www.latimes.com/world-nation/story/2025-02-25/white-house-says-it-will-decide-which-news-outlets-cover-trump-rotating-some-traditional-ones,200 OK
https://www.latimes.com/world-nation/story/2025-02-25/judge-gives-trump-administration-2-days-to-release-billions-of-dollars-in-blocked-foreign-aid,200 OK
https://www.latimes.com/world-nation/story/2025-02-25/judge-gives-trump-administration-2-days-to-release-billions-of-dollars-in-blocked-foreign-aid,200 OK
https://www.latimes.com/world-nation/story/2025-02-25/russians-phuket-thailand-fleeing-ukraine-war,200 OK
https://www.latimes.com/world-nation/story/2025-02-25/russians-phuket-thailand-fleeing-ukraine-war,200 OK
https://www.latimes.com/world-nation/story/2025-02-25/supreme-court-new-trial-in-oklahoma-motel-murder,200 OK
https://www.latimes.com/world-nation/story/2025-02-25/supreme-court-new-trial-in-oklahoma-motel-murder,200 OK
https://www.latimes.com/world-nation/story/2025-02-24/russia-ukraine-trump-looks-like-vladimir-putins-wingman,200 OK
https://www.latimes.com/world-nation/story/2025-02-24/russia-ukraine-trump-looks-like-vladimir-putins-wingman,200 OK
https://www.latimes.com/world-nation/story/2025-02-21/gaza-refugee-camp-jordan,200 OK
https://www.latimes.com/world-nation/story/2025-02-21/gaza-refugee-camp-jordan,200 OK
https://www.latimes.com/world-nation/story/2025-02-03/foreign-loanwords-south-korea-deepfake,200 OK
https://www.latimes.com/world-nation/story/2025-02-03/foreign-loanwords-south-korea-deepfake,200 OK
https://www.latimes.com/world-nation/story/2025-02-25/medics-say-6-babies-have-died-from-the-cold-in-gaza-as-displaced-people-shelter-in-tents-and-rubble,200 OK
https://www.latimes.com/world-nation/story/2025-02-25/medics-say-6-babies-have-died-from-the-cold-in-gaza-as-displaced-people-shelter-in-tents-and-rubble,200 OK
https://www.latimes.com/world-nation/story/2025-02-25/a-federal-judge-in-seattle-blocks-trumps-effort-to-halt-the-refugee-admissions-system,200 OK
https://www.latimes.com/world-nation/story/2025-02-25/a-federal-judge-in-seattle-blocks-trumps-effort-to-halt-the-refugee-admissions-system,200 OK
https://www.latimes.com/world-nation/story/2025-02-25/trump-says-canada-and-mexico-tariffs-are-going-forward-with-more-import-taxes-to-come,200 OK
https://www.latimes.com/world-nation/story/2025-02-25/trump-says-canada-and-mexico-tariffs-are-going-forward-with-more-import-taxes-to-come,200 OK
https://www.latimes.com/world-nation/story/2025-02-25/federal-technology-staffers-resign-rather-than-help-musk-and-doge,200 OK
https://www.latimes.com/world-nation/story/2025-02-25/federal-technology-staffers-resign-rather-than-help-musk-and-doge,200 OK
https://www.latimes.com/entertainment-arts,200 OK
https://www.latimes.com/entertainment-arts/tv/story/2025-02-25/jeremy-gauna-1923-pete-cole-brings-plenty-death,200 OK
https://www.latimes.com/entertainment-arts/tv/story/2025-02-25/jeremy-gauna-1923-pete-cole-brings-plenty-death,200 OK
https://www.latimes.com/entertainment-arts/movies/story/2025-02-25/nicholas-galitzine-he-man-masters-of-the-universe,200 OK
https://www.latimes.com/entertainment-arts/movies/story/2025-02-25/nicholas-galitzine-he-man-masters-of-the-universe,200 OK
https://www.latimes.com/entertainment-arts/music/story/2025-02-25/070-shake-brings-the-petrichor-tour-to-her-chosen-home-los-angeles,200 OK
https://www.latimes.com/entertainment-arts/music/story/2025-02-25/070-shake-brings-the-petrichor-tour-to-her-chosen-home-los-angeles,200 OK
https://www.latimes.com/entertainment-arts/books/story/2025-02-25/the-talent-novel-daniel-daddario,200 OK
https://www.latimes.com/entertainment-arts/books/story/2025-02-25/the-talent-novel-daniel-daddario,200 OK
https://www.latimes.com/entertainment-arts/music/story/2025-02-25/mae-martin-im-a-tv-debut-lp-regent,200 OK
https://www.latimes.com/entertainment-arts/music/story/2025-02-25/mae-martin-im-a-tv-debut-lp-regent,200 OK
https://www.latimes.com/business,200 OK
https://www.latimes.com/business/story/2025-02-24/apple-to-hire-20-000-people-invest-500-billion-in,200 OK
https://www.latimes.com/business/story/2025-02-24/apple-to-hire-20-000-people-invest-500-billion-in,200 OK
https://www.latimes.com/business/story/2025-02-20/tj-acai-bowl-recall,200 OK
https://www.latimes.com/business/story/2025-02-20/tj-acai-bowl-recall,200 OK
https://www.latimes.com/business/story/2025-02-19/herbalife-announces-new-ceo-broader-question-about-the-relevance-of-our-business-model,200 OK
https://www.latimes.com/business/story/2025-02-19/herbalife-announces-new-ceo-broader-question-about-the-relevance-of-our-business-model,200 OK
https://www.latimes.com/business/story/2025-02-19/nikola-ev-bankruptcy,200 OK
https://www.latimes.com/business/story/2025-02-19/nikola-ev-bankruptcy,200 OK
https://www.latimes.com/business/story/2025-02-19/farmers-announces-preliminary-600-million-loss-for-los-angeles-fires,200 OK
https://www.latimes.com/business/story/2025-02-19/farmers-announces-preliminary-600-million-loss-for-los-angeles-fires,200 OK
https://www.latimes.com/entertainment-arts/business,200 OK
https://www.latimes.com/entertainment-arts/business/story/2025-02-24/beyond-joy-reid-msnbc-makes-major-schedule-changes-as-it-prepares-for-nbc-news-split,200 OK
https://www.latimes.com/entertainment-arts/business/story/2025-02-24/beyond-joy-reid-msnbc-makes-major-schedule-changes-as-it-prepares-for-nbc-news-split,200 OK
https://www.latimes.com/entertainment-arts/business/story/2025-02-24/lester-holt-will-depart-nbc-nightly-news-this-summer,200 OK
https://www.latimes.com/entertainment-arts/business/story/2025-02-24/lester-holt-will-depart-nbc-nightly-news-this-summer,200 OK
https://www.latimes.com/entertainment-arts/business/story/2025-02-23/msnbc-cancels-joy-reids-prime-time-show,200 OK
https://www.latimes.com/entertainment-arts/business/story/2025-02-23/msnbc-cancels-joy-reids-prime-time-show,200 OK
https://www.latimes.com/entertainment-arts/business/story/2025-02-21/pbs-on-edge-over-fcc-letter-and-trump-budget-slashing,200 OK
https://www.latimes.com/entertainment-arts/business/story/2025-02-21/pbs-on-edge-over-fcc-letter-and-trump-budget-slashing,200 OK
https://www.latimes.com/sports,200 OK
https://www.latimes.com/sports/ucla/story/2025-02-25/mick-cronin-temper-tantrums-ucla-title-contender,200 OK
https://www.latimes.com/sports/ucla/story/2025-02-25/mick-cronin-temper-tantrums-ucla-title-contender,200 OK
https://www.latimes.com/sports/dodgers/story/2025-02-25/gavin-lux-dodgers-embraces-role-reds,200 OK
https://www.latimes.com/sports/dodgers/story/2025-02-25/gavin-lux-dodgers-embraces-role-reds,200 OK
https://www.latimes.com/sports/story/2025-02-25/tommy-hawkins-home-destroyed-palisades-fire-lakers-dodgers,200 OK
https://www.latimes.com/sports/story/2025-02-25/tommy-hawkins-home-destroyed-palisades-fire-lakers-dodgers,200 OK
https://www.latimes.com/sports/rams/story/2025-02-24/rams-roster-needs-matthew-stafford-situation-free-agency-draft,200 OK
https://www.latimes.com/sports/rams/story/2025-02-24/rams-roster-needs-matthew-stafford-situation-free-agency-draft,200 OK
https://www.latimes.com/sports/chargers/story/2025-02-24/chargers-roster-needs-justin-herbert-jim-harbaugh,200 OK
https://www.latimes.com/sports/chargers/story/2025-02-24/chargers-roster-needs-justin-herbert-jim-harbaugh,200 OK
https://membership.latimes.com/newsletters/,200 OK
https://www.latimes.com/newsletters/sign-up-for-l-a-on-the-record,200 OK
https://www.latimes.com/sports/newsletter/2025-02-25/tyler-glasnow-dodgers-sports-report,200 OK
https://www.latimes.com/entertainment-arts/newsletter/2025-02-24/essential-arts-harry-potter-cursed-child-pantages-2025-essential-arts-arts-culture,200 OK
https://www.latimes.com/lifestyle,200 OK
https://www.latimes.com/lifestyle/story/2025-02-20/superadobe-calearth-hesperia-fire-resistant-los-angeles,200 OK
https://www.latimes.com/lifestyle/story/2025-02-20/superadobe-calearth-hesperia-fire-resistant-los-angeles,200 OK
https://www.latimes.com/lifestyle/story/2025-02-12/container-gardening-is-a-challenge-tell-us-how-you-made-your-small-space-garden-work,200 OK
https://www.latimes.com/lifestyle/story/2025-02-12/container-gardening-is-a-challenge-tell-us-how-you-made-your-small-space-garden-work,200 OK
https://www.latimes.com/lifestyle/story/2025-02-10/is-your-adu-housing-la-residents-displaced-by-the-recent-fires,200 OK
https://www.latimes.com/lifestyle/story/2025-02-10/is-your-adu-housing-la-residents-displaced-by-the-recent-fires,200 OK
https://www.latimes.com/lifestyle/list/midcentury-modern-home-tours-design-modernism-week-palm-springs,200 OK
https://www.latimes.com/lifestyle/list/midcentury-modern-home-tours-design-modernism-week-palm-springs,200 OK
https://www.latimes.com/lifestyle/newsletter/2025-02-01/what-trees-survived-in-our-terrible-fires-and-why-didnt-they-burn-lat-plants,200 OK
https://www.latimes.com/lifestyle/newsletter/2025-02-01/what-trees-survived-in-our-terrible-fires-and-why-didnt-they-burn-lat-plants,200 OK
https://www.latimes.com/california/story/2025-02-04/a-day-without-immigrants-protest,200 OK
https://www.latimes.com/california,200 OK
https://www.latimes.com/california/story/2025-02-04/a-day-without-immigrants-protest,200 OK
https://www.latimes.com/delos,200 OK
https://www.latimes.com/delos/story/2025-02-25/kevin-kaarl-world-tour-ultra-sodade-lp,200 OK
https://www.latimes.com/delos/story/2025-02-25/kevin-kaarl-world-tour-ultra-sodade-lp,200 OK
https://www.latimes.com/delos/newsletter/2025-02-21/paquita-la-del-barrio-obituary-drag-queen-impersonators-me-estas-oyendo-inutil-rata-de-dos-patas-latinx-files,200 OK
https://www.latimes.com/delos/newsletter/2025-02-21/paquita-la-del-barrio-obituary-drag-queen-impersonators-me-estas-oyendo-inutil-rata-de-dos-patas-latinx-files,200 OK
https://www.latimes.com/delos/story/2025-02-21/casita-del-barrio-co-op-living-plants-food-community,200 OK
https://www.latimes.com/delos/story/2025-02-21/casita-del-barrio-co-op-living-plants-food-community,200 OK
https://www.latimes.com/espanol/,200 OK
https://www.latimes.com/espanol/politica/articulo/2025-02-25/mas-de-20-funcionarios-federales-renuncian-para-no-colaborar-con-musk-y-el-doge,200 OK
https://www.latimes.com/espanol/eeuu/articulo/2025-02-25/aumentan-los-casos-de-sarampion-en-zonas-rurales-del-oeste-de-texas-hay-124-casos-confirmados,200 OK
https://www.latimes.com/espanol/internacional/articulo/2025-02-25/chile-sufre-apagon-de-luz-masivo-en-varias-regiones-que-paraliza-servicios-y-genera-momentos-de-caos,200 OK
https://www.latimes.com/delos/story/2025-02-03/de-los-101-best-of-latino-los-angeles-old,200 OK
https://www.latimes.com/delos/story/2025-02-03/de-los-101-best-of-latino-los-angeles-old,200 OK
https://www.latimes.com/delos/story/2025-02-03/de-los-101-best-of-latino-los-angeles-old,200 OK
https://www.latimes.com/delos/list/latino-latin-american-art-gallery-musician-la,200 OK
https://www.latimes.com/delos/list/latino-latin-american-art-gallery-musician-la,200 OK
https://www.latimes.com/delos/list/10-latino-owned-plant-shops-los-angeles,200 OK
https://www.latimes.com/delos/list/10-latino-owned-plant-shops-los-angeles,200 OK
https://www.latimes.com/delos/list/10-best-latino-owned-coffee-shops-in-los-angeles,200 OK
https://www.latimes.com/delos/list/10-best-latino-owned-coffee-shops-in-los-angeles,200 OK
https://www.latimes.com/delos/list/10-latino-owned-bookstores-and-comic-shops,200 OK
https://www.latimes.com/delos/list/10-latino-owned-bookstores-and-comic-shops,200 OK
https://www.latimes.com/delos/list/11-places-that-connect-angelenos-to-their-latinidad,200 OK
https://www.latimes.com/delos/list/11-places-that-connect-angelenos-to-their-latinidad,200 OK
https://www.latimes.com/delos/list/10-latino-owned-places-to-get-your-body-moving,200 OK
https://www.latimes.com/delos/list/10-latino-owned-places-to-get-your-body-moving,200 OK
https://www.latimes.com/delos/list/10-places-pick-up-a-new-hobby-taught-by-latino-angelenos,200 OK
https://www.latimes.com/delos/list/10-places-pick-up-a-new-hobby-taught-by-latino-angelenos,200 OK
https://www.latimes.com/delos/list/10-latino-owned-places-los-angeles-to-show-yourself-love-spas-nails-barbers-salons,200 OK
https://www.latimes.com/delos/list/10-latino-owned-places-los-angeles-to-show-yourself-love-spas-nails-barbers-salons,200 OK
https://www.latimes.com/delos/list/10-places-for-latino-nightlife-bars-parties-nightclubs,200 OK
https://www.latimes.com/delos/list/10-places-for-latino-nightlife-bars-parties-nightclubs,200 OK
https://www.latimes.com/delos/list/10-latino-community-hubs,200 OK
https://www.latimes.com/delos/list/10-latino-community-hubs,200 OK
https://www.latimes.com/lifestyle/image,200 OK
https://www.latimes.com/lifestyle/image/story/2025-02-19/hood-historian-on-archiving-la,200 OK
https://www.latimes.com/lifestyle/image/story/2025-02-19/hood-historian-on-archiving-la,200 OK
https://www.latimes.com/lifestyle/image/story/2025-02-19/the-community-behing-lauren-halsey-summaeverythang,200 OK
https://www.latimes.com/lifestyle/image/story/2025-02-19/the-community-behing-lauren-halsey-summaeverythang,200 OK
https://www.latimes.com/lifestyle/image/story/2025-02-19/lauren-halsey-summaeverythang-community-center,200 OK
https://www.latimes.com/lifestyle/image/story/2025-02-19/lauren-halsey-summaeverythang-community-center,200 OK
https://www.latimes.com/lifestyle/image/story/2025-02-19/lauren-halsey-frieze-zine-summaeverything-community-center,200 OK
https://www.latimes.com/lifestyle/image/story/2025-02-19/lauren-halsey-frieze-zine-summaeverything-community-center,200 OK
https://link.pscrb.fm/499e6/bphouse-3dca5,200 OK
https://link.pscrb.fm/499e6/bphouse-3dca5,200 OK
https://events.latimes.com/festivalofbooks/?utm_source=LATIMES&utm_medium=homepagebarker&utm_campaign=FOB25,200 OK
https://events.latimes.com/festivalofbooks/?utm_source=LATIMES&utm_medium=homepagebarker&utm_campaign=FOB25,200 OK
https://link.pscrb.fm/499e6/cothouse-fbf83,200 OK
https://link.pscrb.fm/499e6/cothouse-fbf83,200 OK
https://www.latimes.com/delos?utm_source=marketing_content&utm_medium=homepagebarker&utm_campaign=delos23&utm_content=nov23_hpbarker,200 OK
https://www.latimes.com/delos?utm_source=marketing_content&utm_medium=homepagebarker&utm_campaign=delos23&utm_content=nov23_hpbarker,200 OK
https://www.latimes.com/games?utm_source=LATIMES&utm_medium=homepagebarker&utm_campaign=games,200 OK
https://www.latimes.com/games?utm_source=LATIMES&utm_medium=homepagebarker&utm_campaign=games,200 OK
https://store.latimes.com/?utm_source=latimes&utm_medium=homepage&utm_campaign=homepage,200 OK
https://store.latimes.com/?utm_source=latimes&utm_medium=homepage&utm_campaign=homepage,200 OK
https://www.latimes.com/bestcovery/?utm_source=on_site&utm_medium=homepagebarker&utm_campaign=bestcovery,200 OK
https://www.latimes.com/bestcovery/?utm_source=on_site&utm_medium=homepagebarker&utm_campaign=bestcovery,200 OK
https://www.latimes.com/coupon-codes?utm_source=on_site&utm_medium=homepagebarker&utm_campaign=coupon_codes,200 OK
https://www.latimes.com/coupon-codes?utm_source=on_site&utm_medium=homepagebarker&utm_campaign=coupon_codes,200 OK
https://www.latimes.com/topic/things-to-do,200 OK
https://www.latimes.com/lifestyle/story/2025-02-25/los-angeles-times-winter-hike-subscriber-event,200 OK
https://www.latimes.com/lifestyle/story/2025-02-25/los-angeles-times-winter-hike-subscriber-event,200 OK
https://www.latimes.com/food/story/2025-02-24/croissants-sticky-buns-pastries-south-bay-bakery-noga,200 OK
https://www.latimes.com/travel/story/2025-02-21/sunday-funday-poppy-liu-best-things-to-do-los-angeles,200 OK
https://www.latimes.com/food/story/2025-02-20/panda-inn-restaurant-review-pasadena-orange-chicken,200 OK
https://www.latimes.com/topic/la-affairs,200 OK
https://www.latimes.com/lifestyle/story/2025-02-14/la-affairs-barbara-neal-varma,200 OK
https://www.latimes.com/lifestyle/story/2025-02-14/la-affairs-barbara-neal-varma,200 OK
https://www.latimes.com/lifestyle/story/2025-02-07/la-affairs-melinda-j-combs-why-did-he-break-up-with-me-before-valentines-day,200 OK
https://www.latimes.com/lifestyle/story/2025-01-31/l-a-affairs-shanley-rhodes-could-i-ever-love-los-angeles-as-much-as-i-loved-him,200 OK
https://www.latimes.com/lifestyle/story/2025-01-24/la-affairs-simone-kussatz-los-angeles-wildfires-are-a-reminder-of-the-love-i-lost,200 OK
https://www.latimes.com/topic/times-investigations,200 OK
https://www.latimes.com/california/story/2025-02-11/lawmakers-propose-banning-dog-brokers,200 OK
https://www.latimes.com/california/story/2025-02-11/lawmakers-propose-banning-dog-brokers,200 OK
https://www.latimes.com/topic/for-la-times-subscribers,200 OK
https://www.latimes.com/california/story/2025-02-02/escape-from-the-palisades,200 OK
https://www.latimes.com/topic/for-la-times-subscribers,200 OK
https://www.latimes.com/world-nation/story/2025-01-23/jackie-robinson-las-vegas-all-net-arena,200 OK
https://www.latimes.com/california/story/2025-01-19/ucla-professors-orthodontics,200 OK
https://www.latimes.com/obituaries,200 OK
https://www.latimes.com/entertainment-arts/music/story/2025-02-24/roberta-flack-dead-obit,200 OK
https://www.latimes.com/entertainment-arts/music/story/2025-02-24/roberta-flack-dead-obit,200 OK
https://www.latimes.com/california/story/2025-02-22/arthur-moses-king-bobalouie-pirus-bloods-gang-delfonics,200 OK
https://www.latimes.com/entertainment-arts/music/story/2025-02-21/voletta-wallace-dead-notorious-big-mother,200 OK
https://www.latimes.com/entertainment-arts/music/story/2025-02-21/jerry-butler-impressions-singer-dead,200 OK
https://www.latimes.com/,200 OK
https://www.latimes.com/footersubscribe,200 OK
https://www.latimes.com/sitemap,200 OK
https://x.com/latimes,200 OK
https://www.instagram.com/latimes/,200 OK
https://www.youtube.com/losangelestimes,200 OK
https://www.facebook.com/latimes,200 OK
https://enewspaper.latimes.com,200 OK
https://www.latimes.com/coupon-codes,200 OK
https://jobs.latimes.com,200 OK
https://placeanad.latimes.com,200 OK
https://mediakit.latimes.com/,200 OK
https://www.latimes.com/games/daily-crossword,200 OK
https://www.latimes.com/obituaries,200 OK
https://www.latimes.com/food/recipes,200 OK
https://www.latimes.com/lifestyle/weekend,200 OK
https://store.latimes.com/,200 OK
https://www.latimes.com/about,200 OK
https://www.latimes.com/about/for-the-record/,200 OK
https://careers.latimes.com/,200 OK
https://membership.latimes.com/,200 OK
https://www.latimes.com/about/how-to-obtain-rights-permissions,200 OK
https://www.latimes.com/terms-of-service,200 OK
https://www.latimes.com/privacy-policy,200 OK
https://www.latimes.com/privacy-policy#california-notice-of-collection,200 OK
https://membership.latimes.com/privacy-settings,200 OK
